"pnum","age","sex","bto_species_code","bto_ring","date","yr","nb","retrap","imm_res"
"19831EX8","1","F","GRETI","NK59969","04/06/1983 00:00",1983,"EX8","N","resident"
"19861O81","1","F","GRETI","NN35580","09/06/1986 00:00",1986,"O81","N","resident"
"19861SW105","1","F","GRETI","NN35609","10/06/1986 00:00",1986,"SW105","N","resident"
"19861SW134","1","F","GRETI","NN35662","12/06/1986 00:00",1986,"SW134","N","resident"
"19861O105","1","M","GRETI","NN35726","13/06/1986 00:00",1986,"O105","N","resident"
"19861SW16","1","M","GRETI","NN35821","17/06/1986 00:00",1986,"SW16","N","resident"
"19981W94","1","M","GRETI","VN57986","27/05/1998 00:00",1998,"W94","N","resident"
"19981W11","1","M","GRETI","VX13610","05/06/1998 00:00",1998,"W11","N","resident"
"19991W57","1","M","GRETI","VX13726","20/05/1999 00:00",1999,"W57","N","resident"
"19991C4","1","F","GRETI","VN87317","21/05/1999 00:00",1999,"C4","N","resident"
"19991SW12","1","M","GRETI","VR91849","01/06/1999 00:00",1999,"SW12","N","resident"
"20001C108","1","F","GRETI","VN87380","23/05/2000 00:00",2000,"C108","N","resident"
"20001W100","1","F","GRETI","VS83731","23/05/2000 00:00",2000,"W100","N","resident"
"20001MP71","1","M","GRETI","VS84537","24/05/2000 00:00",2000,"MP71","N","resident"
"20001MP71","1","M","GRETI","VS84536","24/05/2000 00:00",2000,"MP71","N","resident"
"20001MP68","1","F","GRETI","VS84546","25/05/2000 00:00",2000,"MP68","N","resident"
"20001W44","1","M","GRETI","VS83758","25/05/2000 00:00",2000,"W44","N","resident"
"20001CP33","1","F","GRETI","VS83747","25/05/2000 00:00",2000,"CP33","N","resident"
"20001MP44","1","M","GRETI","VS84713","26/05/2000 00:00",2000,"MP44","N","resident"
"20001W59","1","M","GRETI","VS83783","27/05/2000 00:00",2000,"W59","N","resident"
"20001CP41","1","M","GRETI","VS83800","27/05/2000 00:00",2000,"CP41","N","resident"
"20001B100","1","M","GRETI","VS84629","28/05/2000 00:00",2000,"B100","N","resident"
"20001B115","1","F","GRETI","VS84619","28/05/2000 00:00",2000,"B115","N","resident"
"20001EX18","1","F","GRETI","VS84386","29/05/2000 00:00",2000,"EX18","N","resident"
"20001SW72","1","M","GRETI","VF64081","30/05/2000 00:00",2000,"SW72","N","resident"
"20001O49","1","F","GRETI","VF64090","30/05/2000 00:00",2000,"O49","N","resident"
"20001CP15","1","M","GRETI","VF64404","31/05/2000 00:00",2000,"CP15","N","resident"
"20001CP3","1","M","GRETI","VF64411","31/05/2000 00:00",2000,"CP3","N","resident"
"20001EX30","1","M","GRETI","VF64506","01/06/2000 00:00",2000,"EX30","N","resident"
"20001EX49A","1","M","GRETI","VF64533","02/06/2000 00:00",2000,"EX49A","N","resident"
"20001O112","1","M","GRETI","VF64229","03/06/2000 00:00",2000,"O112","N","resident"
"20001CP32","1","F","GRETI","VF64602","03/06/2000 00:00",2000,"CP32","N","resident"
"20001P11","1","F","GRETI","VF64273","04/06/2000 00:00",2000,"P11","N","resident"
"20001P11","1","M","GRETI","VF64271","04/06/2000 00:00",2000,"P11","N","resident"
"20001W79","1","F","GRETI","VF64622","04/06/2000 00:00",2000,"W79","N","resident"
"20001W54","1","M","GRETI","VF64655","05/06/2000 00:00",2000,"W54","N","resident"
"20001B192","1","F","GRETI","VF64943","06/06/2000 00:00",2000,"B192","N","resident"
"20001CP24","1","M","GRETI","VF64700","12/06/2000 00:00",2000,"CP24","N","resident"
"20011EX75A","1","M","GRETI","VT33243","13/05/2001 00:00",2001,"EX75A","N","resident"
"20011W19","1","M","GRETI","VF64753","28/05/2001 00:00",2001,"W19","N","resident"
"20011MP73","1","F","GRETI","VS83016","29/05/2001 00:00",2001,"MP73","N","resident"
"20011W99A","1","F","GRETI","VF64768","30/05/2001 00:00",2001,"W99A","N","resident"
"20011W16","1","M","GRETI","VF64776","30/05/2001 00:00",2001,"W16","N","resident"
"20011W4A","1","M","GRETI","VF64795","30/05/2001 00:00",2001,"W4A","N","resident"
"20011EX62A","1","M","GRETI","VT34730","01/06/2001 00:00",2001,"EX62A","N","resident"
"20011O96","1","M","GRETI","VT34174","03/06/2001 00:00",2001,"O96","N","resident"
"20011B205","1","M","GRETI","VS83127","03/06/2001 00:00",2001,"B205","N","resident"
"20011B68","1","F","GRETI","VS83171","03/06/2001 00:00",2001,"B68","N","resident"
"20011MP20","1","M","GRETI","VS83235","05/06/2001 00:00",2001,"MP20","N","resident"
"20011EX18A","1","F","GRETI","VT33014","05/06/2001 00:00",2001,"EX18A","N","resident"
"20011C128","1","F","GRETI","VT34632","05/06/2001 00:00",2001,"C128","N","resident"
"20011CP25","1","M","GRETI","VT33031","06/06/2001 00:00",2001,"CP25","N","resident"
"20011W13","1","M","GRETI","VT33143","07/06/2001 00:00",2001,"W13","N","resident"
"20011W93","1","M","GRETI","VF64355","08/06/2001 00:00",2001,"W93","N","resident"
"20021W69","1","M","GRETI","VT33317","12/05/2002 00:00",2002,"W69","N","resident"
"20021B154","1","M","GRETI","TA16008","13/05/2002 00:00",2002,"B154","N","resident"
"20021B30","1","M","GRETI","TA16054","15/05/2002 00:00",2002,"B30","N","resident"
"20021MP93","1","F","GRETI","TA16060","15/05/2002 00:00",2002,"MP93","N","resident"
"20021MP34","1","F","GRETI","TA16034","15/05/2002 00:00",2002,"MP34","N","resident"
"20021MP45","1","F","GRETI","TA16029","15/05/2002 00:00",2002,"MP45","N","resident"
"20021EX29A","1","M","GRETI","VT33379","15/05/2002 00:00",2002,"EX29A","N","resident"
"20021MP74","1","M","GRETI","TA16067","15/05/2002 00:00",2002,"MP74","N","resident"
"20021W75A","1","F","GRETI","VT33396","15/05/2002 00:00",2002,"W75A","N","resident"
"20021W75A","1","F","GRETI","VT33395","15/05/2002 00:00",2002,"W75A","N","resident"
"20021EX57","1","M","GRETI","VT33419","16/05/2002 00:00",2002,"EX57","N","resident"
"20021MP52","1","F","GRETI","TA16082","16/05/2002 00:00",2002,"MP52","N","resident"
"20021MP20","1","M","GRETI","TA16125","16/05/2002 00:00",2002,"MP20","N","resident"
"20021EX68","1","M","GRETI","VT33486","17/05/2002 00:00",2002,"EX68","N","resident"
"20021C153","1","M","GRETI","TA15058","17/05/2002 00:00",2002,"C153","N","resident"
"20021SW89","1","M","GRETI","VT33853","17/05/2002 00:00",2002,"SW89","N","resident"
"20021MP76","1","M","GRETI","TA16189","17/05/2002 00:00",2002,"MP76","N","resident"
"20021MP76","1","F","GRETI","TA16188","17/05/2002 00:00",2002,"MP76","N","resident"
"20021MP76","1","M","GRETI","TA16185","17/05/2002 00:00",2002,"MP76","N","resident"
"20021MP76","1","F","GRETI","TA16181","17/05/2002 00:00",2002,"MP76","N","resident"
"20021MP76","1","F","GRETI","TA16184","17/05/2002 00:00",2002,"MP76","N","resident"
"20021B51","1","M","GRETI","TA16221","17/05/2002 00:00",2002,"B51","N","resident"
"20021EX20","1","F","GRETI","VT33566","18/05/2002 00:00",2002,"EX20","N","resident"
"20021W77","1","M","GRETI","VT33595","18/05/2002 00:00",2002,"W77","N","resident"
"20021C9","1","M","GRETI","TA15099","18/05/2002 00:00",2002,"C9","N","resident"
"20021CP15","1","F","GRETI","VT33545","18/05/2002 00:00",2002,"CP15","N","resident"
"20021EX14B","1","M","GRETI","VT33550","18/05/2002 00:00",2002,"EX14B","N","resident"
"20021CP42A","1","F","GRETI","VT33529","18/05/2002 00:00",2002,"CP42A","N","resident"
"20021EX41","1","F","GRETI","VT33530","18/05/2002 00:00",2002,"EX41","N","resident"
"20021EX41","1","F","GRETI","VT33533","18/05/2002 00:00",2002,"EX41","N","resident"
"20021B207","1","M","GRETI","TA16274","18/05/2002 00:00",2002,"B207","N","resident"
"20021MP71","1","F","GRETI","TA16238","18/05/2002 00:00",2002,"MP71","N","resident"
"20021MP71","1","M","GRETI","TA16240","18/05/2002 00:00",2002,"MP71","N","resident"
"20021O115","1","M","GRETI","VT33942","18/05/2002 00:00",2002,"O115","N","resident"
"20021W42","1","M","GRETI","VT33691","19/05/2002 00:00",2002,"W42","N","resident"
"20021W75","1","M","GRETI","VT33709","19/05/2002 00:00",2002,"W75","N","resident"
"20021EX26","1",NA,"GRETI","VT33778","20/05/2002 00:00",2002,"EX26","N","resident"
"20021B24","1","F","GRETI","TA16360","20/05/2002 00:00",2002,"B24","N","resident"
"20021B155","1","M","GRETI","TA16398","21/05/2002 00:00",2002,"B155","N","resident"
"20021B155","1","M","GRETI","TA16399","21/05/2002 00:00",2002,"B155","N","resident"
"20021C57","1","F","GRETI","TA15200","21/05/2002 00:00",2002,"C57","N","resident"
"20021B86","1","M","GRETI","TA16436","21/05/2002 00:00",2002,"B86","N","resident"
"20021B86","1","M","GRETI","TA16440","21/05/2002 00:00",2002,"B86","N","resident"
"20021W61","1","F","GRETI","TA16721","21/05/2002 00:00",2002,"W61","N","resident"
"20021EX70","1","M","GRETI","VT33791","21/05/2002 00:00",2002,"EX70","N","resident"
"20021EX70","1","M","GRETI","VT33790","21/05/2002 00:00",2002,"EX70","N","resident"
"20021W87","1","F","GRETI","TA16761","22/05/2002 00:00",2002,"W87","N","resident"
"20021W87","1","F","GRETI","TA16757","22/05/2002 00:00",2002,"W87","N","resident"
"20021EX28","1","F","GRETI","TA16800","22/05/2002 00:00",2002,"EX28","N","resident"
"20021CP35","1","F","GRETI","TA16786","22/05/2002 00:00",2002,"CP35","N","resident"
"20021B25","1","M","GRETI","TA16467","22/05/2002 00:00",2002,"B25","N","resident"
"20021MP83","1","M","GRETI","TA16463","22/05/2002 00:00",2002,"MP83","N","resident"
"20021W3","1","F","GRETI","TA16843","23/05/2002 00:00",2002,"W3","N","resident"
"20021W3","1","M","GRETI","TA16845","23/05/2002 00:00",2002,"W3","N","resident"
"20021W58","1","M","GRETI","TA16833","23/05/2002 00:00",2002,"W58","N","resident"
"20021B131","1","M","GRETI","TA16514","24/05/2002 00:00",2002,"B131","N","resident"
"20021W24","1","M","GRETI","TA16909","24/05/2002 00:00",2002,"W24","N","resident"
"20021EX4","1","F","GRETI","TA16861","24/05/2002 00:00",2002,"EX4","N","resident"
"20021EX43C","1","F","GRETI","TA16928","25/05/2002 00:00",2002,"EX43C","N","resident"
"20021CP24","1","F","GRETI","TA16957","26/05/2002 00:00",2002,"CP24","N","resident"
"20021B21","1","F","GRETI","TA16577","26/05/2002 00:00",2002,"B21","N","resident"
"20021O59","1","F","GRETI","TA15730","27/05/2002 00:00",2002,"O59","N","resident"
"20021O59","1","F","GRETI","TA15724","27/05/2002 00:00",2002,"O59","N","resident"
"20021CP17","1","F","GRETI","VR27854","31/05/2002 00:00",2002,"CP17","N","resident"
"20022SW12","1","M","GRETI","TA16634","21/06/2002 00:00",2002,"SW12","N","resident"
"20031MP35","1","F","GRETI","TB21507","14/05/2003 00:00",2003,"MP35","N","resident"
"20031MP79","1","M","GRETI","TB21524","18/05/2003 00:00",2003,"MP79","N","resident"
"20031MP77","1","M","GRETI","TB21528","20/05/2003 00:00",2003,"MP77","N","resident"
"20031C109","1","F","GRETI","TA15272","23/05/2003 00:00",2003,"C109","N","resident"
"20031MP63","1","F","GRETI","TB21562","23/05/2003 00:00",2003,"MP63","N","resident"
"20031EX35","1","F","GRETI","VF64811","25/05/2003 00:00",2003,"EX35","N","resident"
"20031O11","1","M","GRETI","VF63055","25/05/2003 00:00",2003,"O11","N","resident"
"20031W55","1","F","GRETI","VF64839","25/05/2003 00:00",2003,"W55","N","resident"
"20031EX31A","1","F","GRETI","VF64824","25/05/2003 00:00",2003,"EX31A","N","resident"
"20031W71","1","M","GRETI","VF64874","26/05/2003 00:00",2003,"W71","N","resident"
"20031O47","1","M","GRETI","VF63063","26/05/2003 00:00",2003,"O47","N","resident"
"20031EX55","1","F","GRETI","VH21716","27/05/2003 00:00",2003,"EX55","N","resident"
"20031C36","1",NA,"GRETI","TA15300","27/05/2003 00:00",2003,"C36","N","resident"
"20031SW80","1","M","GRETI","VF63169","29/05/2003 00:00",2003,"SW80","N","resident"
"20031SW80","1","F","GRETI","VF63170","29/05/2003 00:00",2003,"SW80","N","resident"
"20031EX29A","1","M","GRETI","VR91385","29/05/2003 00:00",2003,"EX29A","N","resident"
"20031W11","1","M","GRETI","VS84968","29/05/2003 00:00",2003,"W11","N","resident"
"20031B24","1","M","GRETI","TB27018","06/06/2003 00:00",2003,"B24","N","resident"
"20031EX62C","1","F","GRETI","VR98327","09/06/2003 00:00",2003,"EX62C","N","resident"
"20041SW81","1","M","GRETI","VF63778","25/04/2004 00:00",2004,"SW81","N","resident"
"20041MP79","1","F","GRETI","TB26015","15/05/2004 00:00",2004,"MP79","N","resident"
"20041MP44","1","M","GRETI","TB26009","15/05/2004 00:00",2004,"MP44","N","resident"
"20041CP35","1",NA,"GRETI","VR98353","16/05/2004 00:00",2004,"CP35","N","resident"
"20041CP35","1","F","GRETI","VR98349","16/05/2004 00:00",2004,"CP35","N","resident"
"20041MP86","1",NA,"GRETI","TB26019","17/05/2004 00:00",2004,"MP86","N","resident"
"20041SW106","1","M","GRETI","VF63410","17/05/2004 00:00",2004,"SW106","N","resident"
"20041SW46","1","F","GRETI","VF63415","17/05/2004 00:00",2004,"SW46","N","resident"
"20041SW46","1","M","GRETI","VF63420","17/05/2004 00:00",2004,"SW46","N","resident"
"20041MP62","1",NA,"GRETI","TB26034","18/05/2004 00:00",2004,"MP62","N","resident"
"20041MP62","1",NA,"GRETI","TB26030","18/05/2004 00:00",2004,"MP62","N","resident"
"20041EX31","1",NA,"GRETI","VR98374","18/05/2004 00:00",2004,"EX31","N","resident"
"20041SW86","1","M","GRETI","VF63423","19/05/2004 00:00",2004,"SW86","N","resident"
"20041MP75","1","M","GRETI","TB26210","20/05/2004 00:00",2004,"MP75","N","resident"
"20041MP75","1",NA,"GRETI","TB26214","20/05/2004 00:00",2004,"MP75","N","resident"
"20041MP65","1","F","GRETI","TB26045","20/05/2004 00:00",2004,"MP65","N","resident"
"20041B170","1","M","GRETI","TB26305","20/05/2004 12:00",2004,"B170","N","resident"
"20041B170","1","F","GRETI","TB26303","20/05/2004 12:00",2004,"B170","N","resident"
"20041MP73","1","M","GRETI","TB26056","21/05/2004 00:00",2004,"MP73","N","resident"
"20041MP45","1",NA,"GRETI","TB26065","21/05/2004 00:00",2004,"MP45","N","resident"
"20041MP45","1",NA,"GRETI","TB26066","21/05/2004 00:00",2004,"MP45","N","resident"
"20041MP73","1","F","GRETI","TB26053","21/05/2004 00:00",2004,"MP73","N","resident"
"20041MP73","1",NA,"GRETI","TB26050","21/05/2004 00:00",2004,"MP73","N","resident"
"20041O56","1","F","GRETI","VF63462","21/05/2004 00:00",2004,"O56","N","resident"
"20041O56","1","F","GRETI","VF63455","21/05/2004 00:00",2004,"O56","N","resident"
"20041SW50","1","M","GRETI","VF63453","21/05/2004 00:00",2004,"SW50","N","resident"
"20041SW50","1","F","GRETI","VF63451","21/05/2004 00:00",2004,"SW50","N","resident"
"20041W76","1","M","GRETI","TB26658","21/05/2004 00:00",2004,"W76","N","resident"
"20041EX55","1","F","GRETI","TB26651","21/05/2004 00:00",2004,"EX55","N","resident"
"20041EX55","1",NA,"GRETI","TB26644","21/05/2004 00:00",2004,"EX55","N","resident"
"20041B208","1","M","GRETI","TB26336","21/05/2004 11:00",2004,"B208","N","resident"
"20041B201","1","F","GRETI","TB26327","21/05/2004 11:00",2004,"B201","N","resident"
"20041B215","1","F","GRETI","TB26349","21/05/2004 15:00",2004,"B215","N","resident"
"20041EX7","1","M","GRETI","TB26361","21/05/2004 16:00",2004,"EX7","N","resident"
"20041EX7","1",NA,"GRETI","TB26362","21/05/2004 16:00",2004,"EX7","N","resident"
"20041MP29","1","M","GRETI","TB26074","22/05/2004 00:00",2004,"MP29","N","resident"
"20041B123","1","F","GRETI","TB26221","22/05/2004 00:00",2004,"B123","N","resident"
"20041O11","1","M","GRETI","VF63463","22/05/2004 00:00",2004,"O11","N","resident"
"20041P10","1","M","GRETI","VF63499","22/05/2004 00:00",2004,"P10","N","resident"
"20041EX75","1","M","GRETI","TB26668","22/05/2004 00:00",2004,"EX75","N","resident"
"20041EX41C","1","M","GRETI","TB26672","22/05/2004 00:00",2004,"EX41C","N","resident"
"20041EX39","1","F","GRETI","TB26693","22/05/2004 00:00",2004,"EX39","N","resident"
"20041W94","1","F","GRETI","TC58205","22/05/2004 00:00",2004,"W94","N","resident"
"20041EX39","1","F","GRETI","TB26694","22/05/2004 00:00",2004,"EX39","N","resident"
"20041EX39","1","F","GRETI","TB26699","22/05/2004 00:00",2004,"EX39","N","resident"
"20041EX68","1","M","GRETI","TB26517","22/05/2004 13:00",2004,"EX68","N","resident"
"20041MP25","1","M","GRETI","TB26120","23/05/2004 00:00",2004,"MP25","N","resident"
"20041EX20","1",NA,"GRETI","TC58240","23/05/2004 00:00",2004,"EX20","N","resident"
"20041EX20","1","F","GRETI","TC58246","23/05/2004 00:00",2004,"EX20","N","resident"
"20041EX62","1","M","GRETI","TC58235","23/05/2004 00:00",2004,"EX62","N","resident"
"20041P1","1","M","GRETI","VF63736","23/05/2004 00:00",2004,"P1","N","resident"
"20041EX36","1","F","GRETI","TB26574","23/05/2004 12:00",2004,"EX36","N","resident"
"20041EX10A","1","M","GRETI","TB26583","23/05/2004 13:00",2004,"EX10A","N","resident"
"20041B103","1",NA,"GRETI","TB26238","24/05/2004 00:00",2004,"B103","N","resident"
"20041O75A","1","M","GRETI","VF63747","24/05/2004 00:00",2004,"O75A","N","resident"
"20041O75A","1",NA,"GRETI","VF63748","24/05/2004 00:00",2004,"O75A","N","resident"
"20041EX65","1","F","GRETI","TC58275","24/05/2004 00:00",2004,"EX65","N","resident"
"20041EX47","1","F","GRETI","TC58284","24/05/2004 00:00",2004,"EX47","N","resident"
"20041B169","1","M","GRETI","TC58014","24/05/2004 11:00",2004,"B169","N","resident"
"20041B169","1","F","GRETI","TC58018","24/05/2004 11:00",2004,"B169","N","resident"
"20041EX34","1","F","GRETI","TC58032","24/05/2004 13:00",2004,"EX34","N","resident"
"20041W103","1","M","GRETI","TB26596","24/05/2004 14:00",2004,"W103","N","resident"
"20041EX80","1","F","GRETI","TC58323","25/05/2004 00:00",2004,"EX80","N","resident"
"20041EX80","1","F","GRETI","TC58321","25/05/2004 00:00",2004,"EX80","N","resident"
"20041EX77","1","M","GRETI","TC58310","25/05/2004 00:00",2004,"EX77","N","resident"
"20041W16","1","F","GRETI","TC58046","25/05/2004 10:00",2004,"W16","N","resident"
"20041W16","1","M","GRETI","TC58041","25/05/2004 10:00",2004,"W16","N","resident"
"20041B165","1","M","GRETI","TC58049","25/05/2004 11:00",2004,"B165","N","resident"
"20041C32","1","F","GRETI","VR98182","25/05/2004 11:00",2004,"C32","N","resident"
"20041C32","1","F","GRETI","VR98183","25/05/2004 11:00",2004,"C32","N","resident"
"20041B165","1","M","GRETI","TC58056","25/05/2004 12:00",2004,"B165","N","resident"
"20041B79A","1","M","GRETI","TC58076","25/05/2004 13:00",2004,"B79A","N","resident"
"20041MP70","1","M","GRETI","TB26166","26/05/2004 00:00",2004,"MP70","N","resident"
"20041W80","1","M","GRETI","TC58369","26/05/2004 00:00",2004,"W80","N","resident"
"20041W80","1","M","GRETI","TC58372","26/05/2004 00:00",2004,"W80","N","resident"
"20041W77","1","F","GRETI","TC58392","26/05/2004 00:00",2004,"W77","N","resident"
"20041W77","1","M","GRETI","TC58394","26/05/2004 00:00",2004,"W77","N","resident"
"20041EX67","1","M","GRETI","TC58340","26/05/2004 00:00",2004,"EX67","N","resident"
"20041P14","1","F","GRETI","VF63832","26/05/2004 00:00",2004,"P14","N","resident"
"20041SW129","1","F","GRETI","VF63822","26/05/2004 00:00",2004,"SW129","N","resident"
"20041EX64","1","M","GRETI","TC58094","26/05/2004 11:00",2004,"EX64","N","resident"
"20041MP60","1",NA,"GRETI","TB26179","27/05/2004 00:00",2004,"MP60","N","resident"
"20041MP2","1","M","GRETI","TB26193","27/05/2004 00:00",2004,"MP2","N","resident"
"20041EX88","1",NA,"GRETI","TC58412","27/05/2004 00:00",2004,"EX88","N","resident"
"20041EX88","1","F","GRETI","TC58414","27/05/2004 00:00",2004,"EX88","N","resident"
"20041B164","1","M","GRETI","TC58123","27/05/2004 10:00",2004,"B164","N","resident"
"20041EX42A","1","F","GRETI","TC58142","27/05/2004 12:00",2004,"EX42A","N","resident"
"20041B121","1","M","GRETI","TB26267","28/05/2004 00:00",2004,"B121","N","resident"
"20041P18","1","F","GRETI","VF63863","28/05/2004 00:00",2004,"P18","N","resident"
"20041SW28","1","M","GRETI","VF63867","28/05/2004 00:00",2004,"SW28","N","resident"
"20041W25","1","F","GRETI","TC58463","28/05/2004 00:00",2004,"W25","N","resident"
"20041W56","1","M","GRETI","TC58469","28/05/2004 00:00",2004,"W56","N","resident"
"20041C128","1","F","GRETI","VR98038","28/05/2004 10:40",2004,"C128","N","resident"
"20041B217","1","M","GRETI","TB26276","29/05/2004 00:00",2004,"B217","N","resident"
"20041SW1","1","F","GRETI","VF63927","29/05/2004 00:00",2004,"SW1","N","resident"
"20041W93","1","F","GRETI","TC58497","29/05/2004 00:00",2004,"W93","N","resident"
"20041B34","1","F","GRETI","TC58171","29/05/2004 15:00",2004,"B34","N","resident"
"20041B34","1","M","GRETI","TC58168","29/05/2004 15:00",2004,"B34","N","resident"
"20041B39","1","F","GRETI","TC58161","29/05/2004 15:00",2004,"B39","N","resident"
"20041EX15","1","M","GRETI","TC58178","29/05/2004 16:00",2004,"EX15","N","resident"
"20041EX73A","1","M","GRETI","TC58184","29/05/2004 17:00",2004,"EX73A","N","resident"
"20041EX73A","1","M","GRETI","TC58183","29/05/2004 17:00",2004,"EX73A","N","resident"
"20041EX78","1","F","GRETI","VH99584","30/05/2004 00:00",2004,"EX78","N","resident"
"20041B194A","1","M","GRETI","TB26287","30/05/2004 00:00",2004,"B194A","N","resident"
"20041O106","1","M","GRETI","VF63966","30/05/2004 00:00",2004,"O106","N","resident"
"20041EX81A","1","F","GRETI","TC58508","30/05/2004 00:00",2004,"EX81A","N","resident"
"20041B192","1","M","GRETI","TB26298","31/05/2004 00:00",2004,"B192","N","resident"
"20041B192","1","M","GRETI","TB26296","31/05/2004 00:00",2004,"B192","N","resident"
"20041EX8","1",NA,"GRETI","TC58561","31/05/2004 00:00",2004,"EX8","N","resident"
"20041EX21","1","M","GRETI","TC58534","31/05/2004 00:00",2004,"EX21","N","resident"
"20041B16","1","M","GRETI","TC58902","01/06/2004 00:00",2004,"B16","N","resident"
"20041B16","1","M","GRETI","TC58907","01/06/2004 00:00",2004,"B16","N","resident"
"20041B8","1","F","GRETI","TC58911","01/06/2004 00:00",2004,"B8","N","resident"
"20041W64A","1","F","GRETI","TC58577","02/06/2004 00:00",2004,"W64A","N","resident"
"20041P23","1","M","GRETI","TA15836","04/06/2004 00:00",2004,"P23","N","resident"
"20041O71","1","F","GRETI","TA15841","05/06/2004 00:00",2004,"O71","N","resident"
"20041O71","1","M","GRETI","TA15843","05/06/2004 00:00",2004,"O71","N","resident"
"20041W49","1","F","GRETI","TC58583","06/06/2004 00:00",2004,"W49","N","resident"
"20041W49","1","F","GRETI","TC58585","06/06/2004 00:00",2004,"W49","N","resident"
"20041W51A","1","F","GRETI","TC58607","17/06/2004 00:00",2004,"W51A","N","resident"
"20051C137","1","M","GRETI","VR98214","17/05/2005 00:00",2005,"C137","N","resident"
"20051MP68","1",NA,"GRETI","TE79009","18/05/2005 16:00",2005,"MP68","N","resident"
"20051MP61","1",NA,"GRETI","TE79016","19/05/2005 16:00",2005,"MP61","N","resident"
"20051MP61","1","F","GRETI","TE79013","19/05/2005 16:00",2005,"MP61","N","resident"
"20051C24A","1",NA,"GRETI","VR98262","21/05/2005 00:00",2005,"C24A","N","resident"
"20051C24A","1","M","GRETI","VR98264","21/05/2005 00:00",2005,"C24A","N","resident"
"20051O52","1","F","GRETI","TE80216","21/05/2005 00:00",2005,"O52","N","resident"
"20051W87","1","F","GRETI","TE80229","21/05/2005 00:00",2005,"W87","N","resident"
"20051MP55","1","M","GRETI","TE79023","21/05/2005 13:00",2005,"MP55","N","resident"
"20051W103A","1","F","GRETI","VN57374","23/05/2005 00:00",2005,"W103A","N","resident"
"20051C155","1","F","GRETI","TA15328","23/05/2005 00:00",2005,"C155","N","resident"
"20051W46","1","M","GRETI","TC58785","23/05/2005 14:00",2005,"W46","N","resident"
"20051W46","1","M","GRETI","TC58788","23/05/2005 14:00",2005,"W46","N","resident"
"20051CP4","1","M","GRETI","TC58827","24/05/2005 13:00",2005,"CP4","N","resident"
"20051CP4","1",NA,"GRETI","TC58825","24/05/2005 13:00",2005,"CP4","N","resident"
"20051W3","1","F","GRETI","TC58812","24/05/2005 13:00",2005,"W3","N","resident"
"20051O29","1","M","GRETI","TE80283","25/05/2005 00:00",2005,"O29","N","resident"
"20051O113","1","M","GRETI","TE80041","25/05/2005 00:00",2005,"O113","N","resident"
"20051O95","1","M","GRETI","TE80025","25/05/2005 00:00",2005,"O95","N","resident"
"20051MP20","1","M","GRETI","TE79089","25/05/2005 12:00",2005,"MP20","N","resident"
"20051MP70","1","M","GRETI","TE79069","25/05/2005 15:00",2005,"MP70","N","resident"
"20051EX63","1","F","GRETI","TE80522","26/05/2005 00:00",2005,"EX63","N","resident"
"20051EX36","1",NA,"GRETI","TE80536","26/05/2005 00:00",2005,"EX36","N","resident"
"20051EX36","1","M","GRETI","TE80533","26/05/2005 00:00",2005,"EX36","N","resident"
"20051C153","1","M","GRETI","TA15355","26/05/2005 00:00",2005,"C153","N","resident"
"20051C160B","1","F","GRETI","TA15346","26/05/2005 00:00",2005,"C160B","N","resident"
"20051EX49B","1","M","GRETI","TE80290","26/05/2005 00:00",2005,"EX49B","N","resident"
"20051O19","1","F","GRETI","TE80064","26/05/2005 00:00",2005,"O19","N","resident"
"20051W59","1","F","GRETI","TE80569","27/05/2005 00:00",2005,"W59","N","resident"
"20051EX39C","1","F","GRETI","TE80606","27/05/2005 00:00",2005,"EX39C","N","resident"
"20051EX39C","1","M","GRETI","TE80603","27/05/2005 00:00",2005,"EX39C","N","resident"
"20051O76","1","M","GRETI","TE80088","27/05/2005 00:00",2005,"O76","N","resident"
"20051O10","1","F","GRETI","TE80309","27/05/2005 00:00",2005,"O10","N","resident"
"20051B215","1",NA,"GRETI","TC58880","27/05/2005 12:00",2005,"B215","N","resident"
"20051B212","1",NA,"GRETI","TC58878","27/05/2005 12:00",2005,"B212","N","resident"
"20051EX17","1","M","GRETI","TE80109","28/05/2005 00:00",2005,"EX17","N","resident"
"20051EX43D","1","F","GRETI","TE80125","28/05/2005 00:00",2005,"EX43D","N","resident"
"20051EX17","1","F","GRETI","TE80110","28/05/2005 00:00",2005,"EX17","N","resident"
"20051EX43D","1","F","GRETI","TE80127","28/05/2005 00:00",2005,"EX43D","N","resident"
"20051EX1","1",NA,"GRETI","TE80101","28/05/2005 00:00",2005,"EX1","N","resident"
"20051SW16","1","F","GRETI","TE80347","28/05/2005 00:00",2005,"SW16","N","resident"
"20051SW5","1","M","GRETI","TE80144","28/05/2005 00:00",2005,"SW5","N","resident"
"20051EX18A","1",NA,"GRETI","TE80341","28/05/2005 00:00",2005,"EX18A","N","resident"
"20051W73","1","F","GRETI","TE79225","28/05/2005 15:00",2005,"W73","N","resident"
"20051W66","1","M","GRETI","TE80684","29/05/2005 00:00",2005,"W66","N","resident"
"20051W5","1",NA,"GRETI","TE80726","29/05/2005 00:00",2005,"W5","N","resident"
"20051MP32","1","F","GRETI","TE79646","29/05/2005 00:00",2005,"MP32","N","resident"
"20051B31","1","M","GRETI","TE79305","29/05/2005 19:00",2005,"B31","N","resident"
"20051CP19","1","M","GRETI","TA16664","30/05/2005 00:00",2005,"CP19","N","resident"
"20051CP33","1","M","GRETI","TA16655","30/05/2005 00:00",2005,"CP33","N","resident"
"20051EX75A","1","F","GRETI","TE80458","31/05/2005 00:00",2005,"EX75A","N","resident"
"20051B105","1","F","GRETI","TE79554","31/05/2005 00:00",2005,"B105","N","resident"
"20051W60","1","M","GRETI","TA15923","01/06/2005 00:00",2005,"W60","N","resident"
"20051W17","1","M","GRETI","TA15939","01/06/2005 00:00",2005,"W17","N","resident"
"20051O103","1","M","GRETI","TE79807","01/06/2005 00:00",2005,"O103","N","resident"
"20051O39","1","M","GRETI","TE79822","01/06/2005 00:00",2005,"O39","N","resident"
"20051O83","1","M","GRETI","TE79816","01/06/2005 00:00",2005,"O83","N","resident"
"20051C110","1","M","GRETI","TA15386","01/06/2005 00:00",2005,"C110","N","resident"
"20051SW18","1","F","GRETI","TE79755","01/06/2005 00:00",2005,"SW18","N","resident"
"20051EX62A","1","M","GRETI","TE79897","02/06/2005 00:00",2005,"EX62A","N","resident"
"20051EX43E","1","F","GRETI","TC59019","02/06/2005 00:00",2005,"EX43E","N","resident"
"20051EX43E","1","F","GRETI","TC59023","02/06/2005 00:00",2005,"EX43E","N","resident"
"20051EX51C","1","M","GRETI","TC59028","02/06/2005 00:00",2005,"EX51C","N","resident"
"20051EX47A","1","M","GRETI","TC59009","02/06/2005 00:00",2005,"EX47A","N","resident"
"20051SW14","1","M","GRETI","TE79781","02/06/2005 00:00",2005,"SW14","N","resident"
"20051O101","1","M","GRETI","TC59041","02/06/2005 00:00",2005,"O101","N","resident"
"20051CP30","1","M","GRETI","TC59093","03/06/2005 00:00",2005,"CP30","N","resident"
"20051CP11","1",NA,"GRETI","TC59254","03/06/2005 00:00",2005,"CP11","N","resident"
"20051W89","1","M","GRETI","TB27055","04/06/2005 00:00",2005,"W89","N","resident"
"20051EX61","1","M","GRETI","TB27081","04/06/2005 00:00",2005,"EX61","N","resident"
"20051EX84","1","M","GRETI","TC59401","05/06/2005 00:00",2005,"EX84","N","resident"
"20051W71","1","F","GRETI","TA15992","07/06/2005 00:00",2005,"W71","N","resident"
"20061W80","1","F","GRETI","TC59842","06/02/2006 00:00",2006,"W80","N","resident"
"20061EX10A","1","F","GRETI","TC59916","06/05/2006 00:00",2006,"EX10A","N","resident"
"20061EX10A","1","M","GRETI","TC59922","06/05/2006 00:00",2006,"EX10A","N","resident"
"20061EX10A","1","M","GRETI","TC59923","06/05/2006 00:00",2006,"EX10A","N","resident"
"20061O106","1",NA,"GRETI","TK27850","07/05/2006 00:00",2006,"O106","N","resident"
"20061CP39","1","F","GRETI","TC59481","18/05/2006 00:00",2006,"CP39","N","resident"
"20061MP15","1","M","GRETI","TB26723","22/05/2006 15:10",2006,"MP15","N","resident"
"20061MP15","1",NA,"GRETI","TB26724","22/05/2006 15:10",2006,"MP15","N","resident"
"20061MP15","1",NA,"GRETI","TB26728","22/05/2006 15:10",2006,"MP15","N","resident"
"20061MP20","1","M","GRETI","TB26734","22/05/2006 15:30",2006,"MP20","N","resident"
"20061MP20","1",NA,"GRETI","TB26731","22/05/2006 15:30",2006,"MP20","N","resident"
"20061MP37","1",NA,"GRETI","TB26744","23/05/2006 15:30",2006,"MP37","N","resident"
"20061C110","1","M","GRETI","TB27126","24/05/2006 00:00",2006,"C110","N","resident"
"20061C30","1","F","GRETI","TB27138","25/05/2006 00:00",2006,"C30","N","resident"
"20061EX20","1","F","GRETI","TC59601","25/05/2006 00:00",2006,"EX20","N","resident"
"20061SW47","1","M","GRETI","TC59159","26/05/2006 00:00",2006,"SW47","N","resident"
"20061C8","1",NA,"GRETI","TB27177","26/05/2006 00:00",2006,"C8","N","resident"
"20061EX49C","1","M","GRETI","TB26804","26/05/2006 00:00",2006,"EX49C","N","resident"
"20061EX49C","1","F","GRETI","TB26805","26/05/2006 00:00",2006,"EX49C","N","resident"
"20061EX49C","1","M","GRETI","TB26811","26/05/2006 00:00",2006,"EX49C","N","resident"
"20061CP35","1","M","GRETI","TC59491","26/05/2006 00:00",2006,"CP35","N","resident"
"20061MP46","1",NA,"GRETI","TB26789","26/05/2006 15:00",2006,"MP46","N","resident"
"20061MP46","1","M","GRETI","TB26783","26/05/2006 15:00",2006,"MP46","N","resident"
"20061MP60","1",NA,"GRETI","TB26793","26/05/2006 16:00",2006,"MP60","N","resident"
"20061MP55","1","F","GRETI","TK25601","26/05/2006 17:20",2006,"MP55","N","resident"
"20061MP55","1","F","GRETI","TK25603","26/05/2006 17:20",2006,"MP55","N","resident"
"20061MP74","1","F","GRETI","TK25612","26/05/2006 18:00",2006,"MP74","N","resident"
"20061O27","1","F","GRETI","TC59320","27/05/2006 00:00",2006,"O27","N","resident"
"20061SW28","1","F","GRETI","TC59312","27/05/2006 00:00",2006,"SW28","N","resident"
"20061EX62B","1","F","GRETI","TK27403","27/05/2006 00:00",2006,"EX62B","N","resident"
"20061EX73","1","F","GRETI","TK27406","27/05/2006 00:00",2006,"EX73","N","resident"
"20061EX62B","1","M","GRETI","TK27402","27/05/2006 00:00",2006,"EX62B","N","resident"
"20061CP33","1","M","GRETI","TK25834","27/05/2006 00:00",2006,"CP33","N","resident"
"20061EX56","1","M","GRETI","TK25815","27/05/2006 00:00",2006,"EX56","N","resident"
"20061EX62","1",NA,"GRETI","TC59190","27/05/2006 00:00",2006,"EX62","N","resident"
"20061EX56","1","M","GRETI","TK25817","27/05/2006 00:00",2006,"EX56","N","resident"
"20061C49","1",NA,"GRETI","TB27186","27/05/2006 00:00",2006,"C49","N","resident"
"20061EX73","1",NA,"GRETI","TK27413","27/05/2006 00:00",2006,"EX73","N","resident"
"20061EX73","1",NA,"GRETI","TK27414","27/05/2006 00:00",2006,"EX73","N","resident"
"20061C49","1","F","GRETI","TB27188","27/05/2006 00:00",2006,"C49","N","resident"
"20061EX29A","1","F","GRETI","TB26845","27/05/2006 00:00",2006,"EX29A","N","resident"
"20061EX53","1","M","GRETI","TK25825","27/05/2006 00:00",2006,"EX53","N","resident"
"20061EX54","1","M","GRETI","TK25806","27/05/2006 00:00",2006,"EX54","N","resident"
"20061EX29A","1","F","GRETI","TB26839","27/05/2006 00:00",2006,"EX29A","N","resident"
"20061MP89","1",NA,"GRETI","TK25618","27/05/2006 16:20",2006,"MP89","N","resident"
"20061MP89","1","F","GRETI","TK25624","27/05/2006 16:20",2006,"MP89","N","resident"
"20061O7","1",NA,"GRETI","TC59341","28/05/2006 00:00",2006,"O7","N","resident"
"20061B125","1","M","GRETI","TK27015","28/05/2006 00:00",2006,"B125","N","resident"
"20061CP8","1","F","GRETI","TK25851","28/05/2006 00:00",2006,"CP8","N","resident"
"20061W91","1","F","GRETI","TC59612","28/05/2006 00:00",2006,"W91","N","resident"
"20061W92","1","F","GRETI","TC59623","28/05/2006 00:00",2006,"W92","N","resident"
"20061O63","1","F","GRETI","TC59357","29/05/2006 00:00",2006,"O63","N","resident"
"20061W45","1","M","GRETI","TK25881","29/05/2006 00:00",2006,"W45","N","resident"
"20061B99A","1","M","GRETI","TK27056","29/05/2006 00:00",2006,"B99A","N","resident"
"20061CP14A","1","M","GRETI","TK25890","29/05/2006 00:00",2006,"CP14A","N","resident"
"20061W45","1","F","GRETI","TK25875","29/05/2006 00:00",2006,"W45","N","resident"
"20061C57","1",NA,"GRETI","TK27416","29/05/2006 00:00",2006,"C57","N","resident"
"20061CP6","1",NA,"GRETI","TK25899","29/05/2006 00:00",2006,"CP6","N","resident"
"20061EX67","1","M","GRETI","TK27429","29/05/2006 00:00",2006,"EX67","N","resident"
"20061W79","1","M","GRETI","TC59633","29/05/2006 00:00",2006,"W79","N","resident"
"20061EX2","1","M","GRETI","TC59648","29/05/2006 00:00",2006,"EX2","N","resident"
"20061EX2","1","F","GRETI","TC59652","29/05/2006 00:00",2006,"EX2","N","resident"
"20061EX14","1","M","GRETI","TC59637","29/05/2006 00:00",2006,"EX14","N","resident"
"20061MP92","1","M","GRETI","TK25667","29/05/2006 10:30",2006,"MP92","N","resident"
"20061MP3","1","F","GRETI","TK25676","29/05/2006 10:40",2006,"MP3","N","resident"
"20061MP65","1",NA,"GRETI","TK25696","29/05/2006 15:45",2006,"MP65","N","resident"
"20061MP49","1",NA,"GRETI","TK25698","29/05/2006 16:30",2006,"MP49","N","resident"
"20061SW77","1","M","GRETI","TK27628","30/05/2006 00:00",2006,"SW77","N","resident"
"20061O20","1","F","GRETI","TC59394","30/05/2006 00:00",2006,"O20","N","resident"
"20061O20","1",NA,"GRETI","TC59396","30/05/2006 00:00",2006,"O20","N","resident"
"20061O21","1","M","GRETI","TC59399","30/05/2006 00:00",2006,"O21","N","resident"
"20061O20","1",NA,"GRETI","TC59393","30/05/2006 00:00",2006,"O20","N","resident"
"20061EX39A","1","M","GRETI","TB26893","30/05/2006 00:00",2006,"EX39A","N","resident"
"20061CP25","1","M","GRETI","TK26065","30/05/2006 00:00",2006,"CP25","N","resident"
"20061EX65","1","M","GRETI","TB26883","30/05/2006 00:00",2006,"EX65","N","resident"
"20061C160A","1","F","GRETI","TB27305","30/05/2006 00:00",2006,"C160A","N","resident"
"20061C160A","1","F","GRETI","TB27306","30/05/2006 00:00",2006,"C160A","N","resident"
"20061C104","1","F","GRETI","TB27312","30/05/2006 00:00",2006,"C104","N","resident"
"20061EX35","1",NA,"GRETI","TC59680","30/05/2006 00:00",2006,"EX35","N","resident"
"20061EX35","1","M","GRETI","TC59676","30/05/2006 00:00",2006,"EX35","N","resident"
"20061EX45","1","M","GRETI","TC59683","30/05/2006 00:00",2006,"EX45","N","resident"
"20061MP9","1","F","GRETI","TK25707","30/05/2006 12:30",2006,"MP9","N","resident"
"20061EX81A","1","M","GRETI","TK27676","31/05/2006 00:00",2006,"EX81A","N","resident"
"20061SW87","1",NA,"GRETI","TK27679","31/05/2006 00:00",2006,"SW87","N","resident"
"20061EX49","1","F","GRETI","TK26156","31/05/2006 00:00",2006,"EX49","N","resident"
"20061O39","1","F","GRETI","TK27434","31/05/2006 00:00",2006,"O39","N","resident"
"20061EX43B","1","M","GRETI","TK26120","31/05/2006 00:00",2006,"EX43B","N","resident"
"20061W7","1","F","GRETI","TK26079","31/05/2006 00:00",2006,"W7","N","resident"
"20061W7","1","F","GRETI","TK26078","31/05/2006 00:00",2006,"W7","N","resident"
"20061P5","1","F","GRETI","TK27442","31/05/2006 00:00",2006,"P5","N","resident"
"20061CP19","1","M","GRETI","TK26114","31/05/2006 00:00",2006,"CP19","N","resident"
"20061B16","1","M","GRETI","TK27150","31/05/2006 00:00",2006,"B16","N","resident"
"20061B223","1",NA,"GRETI","TK27141","31/05/2006 00:00",2006,"B223","N","resident"
"20061EX30","1","M","GRETI","TC59703","31/05/2006 00:00",2006,"EX30","N","resident"
"20061EX30","1","F","GRETI","TC59701","31/05/2006 00:00",2006,"EX30","N","resident"
"20061W77","1",NA,"GRETI","TC59720","31/05/2006 00:00",2006,"W77","N","resident"
"20061SW5","1","F","GRETI","TC59691","31/05/2006 00:00",2006,"SW5","N","resident"
"20061EX4","1",NA,"GRETI","TC59752","31/05/2006 00:00",2006,"EX4","N","resident"
"20061SW5","1",NA,"GRETI","TC59690","31/05/2006 00:00",2006,"SW5","N","resident"
"20061MP33","1",NA,"GRETI","TK25730","31/05/2006 14:15",2006,"MP33","N","resident"
"20061O17","1","M","GRETI","TK27704","01/06/2006 00:00",2006,"O17","N","resident"
"20061O19","1",NA,"GRETI","TK27692","01/06/2006 00:00",2006,"O19","N","resident"
"20061W26","1","F","GRETI","TK26227","01/06/2006 00:00",2006,"W26","N","resident"
"20061O104","1","M","GRETI","TK27481","01/06/2006 00:00",2006,"O104","N","resident"
"20061W26","1","M","GRETI","TK26235","01/06/2006 00:00",2006,"W26","N","resident"
"20061W26","1","F","GRETI","TK26233","01/06/2006 00:00",2006,"W26","N","resident"
"20061W17","1","M","GRETI","TK26250","01/06/2006 00:00",2006,"W17","N","resident"
"20061O104","1",NA,"GRETI","TK27484","01/06/2006 00:00",2006,"O104","N","resident"
"20061W15","1","M","GRETI","TK26257","01/06/2006 00:00",2006,"W15","N","resident"
"20061SW26","1",NA,"GRETI","TK25538","01/06/2006 00:00",2006,"SW26","N","resident"
"20061W71","1","F","GRETI","TK26210","01/06/2006 00:00",2006,"W71","N","resident"
"20061O51","1","M","GRETI","TC59799","01/06/2006 00:00",2006,"O51","N","resident"
"20061SW131","1",NA,"GRETI","TC59793","01/06/2006 00:00",2006,"SW131","N","resident"
"20061O13","1","F","GRETI","TC59802","01/06/2006 00:00",2006,"O13","N","resident"
"20061O13","1","F","GRETI","TC59808","01/06/2006 00:00",2006,"O13","N","resident"
"20061SW72","1","M","GRETI","TC59784","01/06/2006 00:00",2006,"SW72","N","resident"
"20061MP79","1","M","GRETI","TK25763","01/06/2006 13:45",2006,"MP79","N","resident"
"20061MP79","1","M","GRETI","TK25761","01/06/2006 13:45",2006,"MP79","N","resident"
"20061W38","1",NA,"GRETI","TK26317","02/06/2006 00:00",2006,"W38","N","resident"
"20061SW67","1","M","GRETI","TC59847","02/06/2006 00:00",2006,"SW67","N","resident"
"20061C23","1","F","GRETI","TB27357","03/06/2006 00:00",2006,"C23","N","resident"
"20061W47","1","M","GRETI","TK26348","03/06/2006 00:00",2006,"W47","N","resident"
"20061C52","1",NA,"GRETI","TB27369","03/06/2006 00:00",2006,"C52","N","resident"
"20061W11","1","F","GRETI","TK26384","04/06/2006 00:00",2006,"W11","N","resident"
"20061W11","1","F","GRETI","TK26382","04/06/2006 00:00",2006,"W11","N","resident"
"20061EX75","1",NA,"GRETI","TK26361","04/06/2006 00:00",2006,"EX75","N","resident"
"20061C129","1",NA,"GRETI","TK27529","04/06/2006 00:00",2006,"C129","N","resident"
"20061EX60","1",NA,"GRETI","TK26373","04/06/2006 00:00",2006,"EX60","N","resident"
"20061EX60","1","M","GRETI","TK26376","04/06/2006 00:00",2006,"EX60","N","resident"
"20061C129","1",NA,"GRETI","TK27532","04/06/2006 00:00",2006,"C129","N","resident"
"20061EX48","1","M","GRETI","TK26525","05/06/2006 00:00",2006,"EX48","N","resident"
"20061O82","1","M","GRETI","TK27533","05/06/2006 00:00",2006,"O82","N","resident"
"20061O82","1",NA,"GRETI","TK27534","05/06/2006 00:00",2006,"O82","N","resident"
"20061EX48","1","M","GRETI","TK26526","05/06/2006 00:00",2006,"EX48","N","resident"
"20061O45","1",NA,"GRETI","TC59929","05/06/2006 00:00",2006,"O45","N","resident"
"20061O45","1","M","GRETI","TC59927","05/06/2006 00:00",2006,"O45","N","resident"
"20061O53","1","M","GRETI","TK27724","06/06/2006 00:00",2006,"O53","N","resident"
"20061C45","1","M","GRETI","TB27375","06/06/2006 00:00",2006,"C45","N","resident"
"20061O80","1",NA,"GRETI","TC59955","06/06/2006 00:00",2006,"O80","N","resident"
"20061MP12","1","M","GRETI","TK25787","07/06/2006 10:10",2006,"MP12","N","resident"
"20061O59","1","M","GRETI","TK27738","08/06/2006 00:00",2006,"O59","N","resident"
"20061MP51","1",NA,"GRETI","TK25796","09/06/2006 14:00",2006,"MP51","N","resident"
"20061W20","1",NA,"GRETI","TK26585","10/06/2006 00:00",2006,"W20","N","resident"
"20061C33","1",NA,"GRETI","TB27383","12/06/2006 00:00",2006,"C33","N","resident"
"20061EX62I","1","F","GRETI","TK26608","15/06/2006 00:00",2006,"EX62I","N","resident"
"20061EX39","1",NA,"GRETI","TK27815","06/10/2006 00:00",2006,"EX39","N","resident"
"20061EX39","1","M","GRETI","TK27817","06/10/2006 00:00",2006,"EX39","N","resident"
"20061EX39","1","M","GRETI","TK27821","06/10/2006 00:00",2006,"EX39","N","resident"
"20071MP55","1",NA,"GRETI","TJ26504","13/05/2007 14:55",2007,"MP55","N","resident"
"20071C30","1",NA,"GRETI","TB27233","16/05/2007 00:00",2007,"C30","N","resident"
"20071C40","1",NA,"GRETI","TB27238","17/05/2007 00:00",2007,"C40","N","resident"
"20071C107","1",NA,"GRETI","TB27262","18/05/2007 00:00",2007,"C107","N","resident"
"20071W42","1",NA,"GRETI","TJ27562","18/05/2007 00:00",2007,"W42","N","resident"
"20071EX49A","1",NA,"GRETI","TK27856","18/05/2007 00:00",2007,"EX49A","N","resident"
"20071EX51","1",NA,"GRETI","TC58628","18/05/2007 00:00",2007,"EX51","N","resident"
"20071MP57","1",NA,"GRETI","TJ26565","18/05/2007 10:35",2007,"MP57","N","resident"
"20071MP57","1",NA,"GRETI","TJ26560","18/05/2007 10:35",2007,"MP57","N","resident"
"20071MP65","1",NA,"GRETI","TJ26568","18/05/2007 11:15",2007,"MP65","N","resident"
"20071EX62B","1",NA,"GRETI","TC58648","19/05/2007 00:00",2007,"EX62B","N","resident"
"20071EX62A","1",NA,"GRETI","TC58655","19/05/2007 00:00",2007,"EX62A","N","resident"
"20071EX62A","1",NA,"GRETI","TC58658","19/05/2007 00:00",2007,"EX62A","N","resident"
"20071CP21","1",NA,"GRETI","TC58678","19/05/2007 00:00",2007,"CP21","N","resident"
"20071CP21","1",NA,"GRETI","TC58677","19/05/2007 00:00",2007,"CP21","N","resident"
"20071W83","1",NA,"GRETI","TK27922","19/05/2007 00:00",2007,"W83","N","resident"
"20071SW35","1",NA,"GRETI","TK27782","19/05/2007 00:00",2007,"SW35","N","resident"
"20071CP14A","1",NA,"GRETI","TK27960","20/05/2007 00:00",2007,"CP14A","N","resident"
"20071B16","1",NA,"GRETI","TK27250","20/05/2007 00:00",2007,"B16","N","resident"
"20071MP56","1",NA,"GRETI","TJ26665","20/05/2007 15:50",2007,"MP56","N","resident"
"20071EX48","1",NA,"GRETI","VE32620","21/05/2007 00:00",2007,"EX48","N","resident"
"20071EX43C","1",NA,"GRETI","TK26980","21/05/2007 00:00",2007,"EX43C","N","resident"
"20071EX43C","1",NA,"GRETI","TK26987","21/05/2007 00:00",2007,"EX43C","N","resident"
"20071SW33","1",NA,"GRETI","TE79918","21/05/2007 00:00",2007,"SW33","N","resident"
"20071O13","1",NA,"GRETI","TK26867","22/05/2007 00:00",2007,"O13","N","resident"
"20071P8","1",NA,"GRETI","NC11333","22/05/2007 00:00",2007,"P8","N","resident"
"20071O81","1",NA,"GRETI","TJ27445","23/05/2007 00:00",2007,"O81","N","resident"
"20081C119","1",NA,"GRETI","TL37593","17/05/2008 11:54",2008,"C119","N","resident"
"20081C54","1",NA,"GRETI","TL37582","17/05/2008 12:49",2008,"C54","N","resident"
"20081MP36","1",NA,"GRETI","TL37574","18/05/2008 18:52",2008,"MP36","N","resident"
"20081C11","1",NA,"GRETI","TL37553","18/05/2008 20:56",2008,"C11","N","resident"
"20081O63","1",NA,"GRETI","TL39013","19/05/2008 00:00",2008,"O63","N","resident"
"20081SW109","1",NA,"GRETI","TL39029","19/05/2008 00:00",2008,"SW109","N","resident"
"20081MP27","1",NA,"GRETI","TJ26128","19/05/2008 00:00",2008,"MP27","N","resident"
"20081C14","1",NA,"GRETI","TL37539","19/05/2008 06:48",2008,"C14","N","resident"
"20081C14","1",NA,"GRETI","TL37538","19/05/2008 06:50",2008,"C14","N","resident"
"20081C108","1",NA,"GRETI","TL37531","19/05/2008 07:14",2008,"C108","N","resident"
"20081C109","1",NA,"GRETI","TL37524","19/05/2008 07:38",2008,"C109","N","resident"
"20081EX53","1",NA,"GRETI","TK26669","20/05/2008 00:00",2008,"EX53","N","resident"
"20081MP50","1",NA,"GRETI","TL39116","21/05/2008 00:00",2008,"MP50","N","resident"
"20081O15","1",NA,"GRETI","TL39121","23/05/2008 00:00",2008,"O15","N","resident"
"20081MP64","1",NA,"GRETI","TL39143","23/05/2008 00:00",2008,"MP64","N","resident"
"20081MP17","1",NA,"GRETI","TL39177","25/05/2008 00:00",2008,"MP17","N","resident"
"20081O69","1",NA,"GRETI","TJ26196","26/05/2008 00:00",2008,"O69","N","resident"
"20081W98","1",NA,"GRETI","TJ24564","26/05/2008 00:00",2008,"W98","N","resident"
"20081O69","1",NA,"GRETI","TJ26191","26/05/2008 00:00",2008,"O69","N","resident"
"20081O48","1",NA,"GRETI","TJ26190","26/05/2008 00:00",2008,"O48","N","resident"
"20081MP32","1",NA,"GRETI","TL39183","26/05/2008 00:00",2008,"MP32","N","resident"
"20081O64","1",NA,"GRETI","TL39075","27/05/2008 00:00",2008,"O64","N","resident"
"20081SW107","1",NA,"GRETI","TL39089","28/05/2008 00:00",2008,"SW107","N","resident"
"20081MP79","1",NA,"GRETI","TJ25269","29/05/2008 00:00",2008,"MP79","N","resident"
"20081MP79","1",NA,"GRETI","TJ25265","29/05/2008 00:00",2008,"MP79","N","resident"
"20081C163","1",NA,"GRETI","TL37495","29/05/2008 07:36",2008,"C163","N","resident"
"20081C62","1",NA,"GRETI","TL37067","29/05/2008 08:06",2008,"C62","N","resident"
"20081C61","1",NA,"GRETI","TL37072","29/05/2008 08:27",2008,"C61","N","resident"
"20081EX9","1",NA,"GRETI","TL36368","30/05/2008 00:00",2008,"EX9","N","resident"
"20081B63","1",NA,"GRETI","TJ26252","30/05/2008 00:00",2008,"B63","N","resident"
"20081W57","1",NA,"GRETI","TL36340","30/05/2008 00:00",2008,"W57","N","resident"
"20081W4A","1",NA,"GRETI","TL38125","31/05/2008 00:00",2008,"W4A","N","resident"
"20081O52","1",NA,"GRETI","TL39277","31/05/2008 00:00",2008,"O52","N","resident"
"20081CP16","1",NA,"GRETI","TL37131","31/05/2008 17:43",2008,"CP16","N","resident"
"20081CP16","1",NA,"GRETI","TL37132","31/05/2008 17:45",2008,"CP16","N","resident"
"20081CP11","1",NA,"GRETI","TL38138","01/06/2008 00:00",2008,"CP11","N","resident"
"20081O16","1",NA,"GRETI","TL37155","01/06/2008 14:55",2008,"O16","N","resident"
"20081O16","1",NA,"GRETI","TL37158","01/06/2008 15:01",2008,"O16","N","resident"
"20081EX60","1",NA,"GRETI","TL38174","02/06/2008 00:00",2008,"EX60","N","resident"
"20081EX60","1",NA,"GRETI","TL38179","02/06/2008 00:00",2008,"EX60","N","resident"
"20081EX59","1",NA,"GRETI","TL38187","02/06/2008 00:00",2008,"EX59","N","resident"
"20081SW78","1",NA,"GRETI","TL39600","02/06/2008 00:00",2008,"SW78","N","resident"
"20081O28","1",NA,"GRETI","TL39605","02/06/2008 00:00",2008,"O28","N","resident"
"20081CP23","1",NA,"GRETI","TL38197","02/06/2008 00:00",2008,"CP23","N","resident"
"20081O96","1",NA,"GRETI","TL36477","02/06/2008 00:00",2008,"O96","N","resident"
"20081EX51A","1",NA,"GRETI","TL38215","03/06/2008 00:00",2008,"EX51A","N","resident"
"20081CP9","1",NA,"GRETI","TL38228","03/06/2008 00:00",2008,"CP9","N","resident"
"20081CP9","1",NA,"GRETI","TL38226","03/06/2008 00:00",2008,"CP9","N","resident"
"20081SW23","1",NA,"GRETI","TL39399","03/06/2008 00:00",2008,"SW23","N","resident"
"20081SW133","1",NA,"GRETI","TL39629","04/06/2008 00:00",2008,"SW133","N","resident"
"20081SW53","1",NA,"GRETI","TL39490","04/06/2008 00:00",2008,"SW53","N","resident"
"20081SW113","1",NA,"GRETI","TL39659","09/06/2008 00:00",2008,"SW113","N","resident"
"20091C151","1",NA,"GRETI","TP25518","14/05/2009 00:00",2009,"C151","N","resident"
"20091C9A","1",NA,"GRETI","TP25530","15/05/2009 00:00",2009,"C9A","N","resident"
"20091CP7","1",NA,"GRETI","TP28610","15/05/2009 00:00",2009,"CP7","N","resident"
"20091MP92","1",NA,"GRETI","TP41818","16/05/2009 00:00",2009,"MP92","N","resident"
"20091MP92","1",NA,"GRETI","TP41819","16/05/2009 00:00",2009,"MP92","N","resident"
"20091C112","1",NA,"GRETI","TP25545","16/05/2009 00:00",2009,"C112","N","resident"
"20091C163","1",NA,"GRETI","TP25604","17/05/2009 00:00",2009,"C163","N","resident"
"20091W97","1",NA,"GRETI","TL38784","17/05/2009 13:43",2009,"W97","N","resident"
"20091MP38","1",NA,"GRETI","TP41899","18/05/2009 00:00",2009,"MP38","N","resident"
"20091B161","1",NA,"GRETI","TL37748","18/05/2009 00:00",2009,"B161","N","resident"
"20091B62","1",NA,"GRETI","TL37775","19/05/2009 00:00",2009,"B62","N","resident"
"20091MP60","1",NA,"GRETI","TP41854","19/05/2009 00:00",2009,"MP60","N","resident"
"20091B190","1",NA,"GRETI","TL37756","19/05/2009 00:00",2009,"B190","N","resident"
"20091B18","1",NA,"GRETI","TL37793","20/05/2009 00:00",2009,"B18","N","resident"
"20091B18","1",NA,"GRETI","TL37795","20/05/2009 00:00",2009,"B18","N","resident"
"20091B18","1",NA,"GRETI","TL37794","20/05/2009 00:00",2009,"B18","N","resident"
"20091O13","1",NA,"GRETI","TP41885","20/05/2009 00:00",2009,"O13","N","resident"
"20091MP1","1",NA,"GRETI","TP41544","21/05/2009 00:00",2009,"MP1","N","resident"
"20091B90","1",NA,"GRETI","TL37613","21/05/2009 00:00",2009,"B90","N","resident"
"20091B15","1",NA,"GRETI","TL37639","21/05/2009 00:00",2009,"B15","N","resident"
"20091B15","1",NA,"GRETI","TL37638","21/05/2009 00:00",2009,"B15","N","resident"
"20091CP29","1",NA,"GRETI","TJ24715","21/05/2009 15:15",2009,"CP29","N","resident"
"20091C123","1",NA,"GRETI","TP25735","22/05/2009 00:00",2009,"C123","N","resident"
"20091B36","1",NA,"GRETI","TL37665","22/05/2009 00:00",2009,"B36","N","resident"
"20091B36","1",NA,"GRETI","TL37664","22/05/2009 00:00",2009,"B36","N","resident"
"20091B89","1",NA,"GRETI","TL37674","22/05/2009 00:00",2009,"B89","N","resident"
"20091SW102","1",NA,"GRETI","TP25060","22/05/2009 00:00",2009,"SW102","N","resident"
"20091MP33","1",NA,"GRETI","TP41623","23/05/2009 00:00",2009,"MP33","N","resident"
"20091EX43","1",NA,"GRETI","TJ24755","23/05/2009 08:30",2009,"EX43","N","resident"
"20091W87","1",NA,"GRETI","TJ24770","23/05/2009 10:20",2009,"W87","N","resident"
"20091W45","1",NA,"GRETI","TJ24809","23/05/2009 13:15",2009,"W45","N","resident"
"20091W45","1",NA,"GRETI","TJ24810","23/05/2009 13:15",2009,"W45","N","resident"
"20091EX48A","1",NA,"GRETI","TP28779","24/05/2009 00:00",2009,"EX48A","N","resident"
"20091MP65","1",NA,"GRETI","TP41661","24/05/2009 00:00",2009,"MP65","N","resident"
"20091MP8","1",NA,"GRETI","TP41653","24/05/2009 00:00",2009,"MP8","N","resident"
"20091W37","1",NA,"GRETI","TJ24834","24/05/2009 11:00",2009,"W37","N","resident"
"20091O15","1",NA,"GRETI","TP41663","25/05/2009 00:00",2009,"O15","N","resident"
"20091SW126","1",NA,"GRETI","TP25159","25/05/2009 00:00",2009,"SW126","N","resident"
"20091EX39B","1",NA,"GRETI","TJ24861","25/05/2009 10:00",2009,"EX39B","N","resident"
"20091EX39B","1",NA,"GRETI","TJ24863","25/05/2009 10:00",2009,"EX39B","N","resident"
"20091SW10","1",NA,"GRETI","TP25167","26/05/2009 00:00",2009,"SW10","N","resident"
"20091W78","1",NA,"GRETI","TJ24880","26/05/2009 09:15",2009,"W78","N","resident"
"20091EX43D","1",NA,"GRETI","TJ24902","26/05/2009 11:45",2009,"EX43D","N","resident"
"20091O57","1",NA,"GRETI","TP41710","28/05/2009 00:00",2009,"O57","N","resident"
"20091B31","1",NA,"GRETI","TL37859","29/05/2009 00:00",2009,"B31","N","resident"
"20101MP75","1",NA,"GRETI","TR42713","19/05/2010 00:00",2010,"MP75","N","resident"
"20101EX62C","1",NA,"GRETI","TP42059","21/05/2010 00:00",2010,"EX62C","N","resident"
"20101SW102","1",NA,"GRETI","TR40051","21/05/2010 00:00",2010,"SW102","N","resident"
"20101EX40","1",NA,"GRETI","TR42058","23/05/2010 00:00",2010,"EX40","N","resident"
"20101W19","1",NA,"GRETI","TR42079","24/05/2010 00:00",2010,"W19","N","resident"
"20101MP49","1",NA,"GRETI","TR40183","25/05/2010 00:00",2010,"MP49","N","resident"
"20101W69","1",NA,"GRETI","TR42233","27/05/2010 00:00",2010,"W69","N","resident"
"20101EX54","1",NA,"GRETI","TR43666","30/05/2010 00:00",2010,"EX54","N","resident"
"20101EX50","1",NA,"GRETI","TR43661","30/05/2010 00:00",2010,"EX50","N","resident"
"20101SW73","1",NA,"GRETI","TR40363","30/05/2010 00:00",2010,"SW73","N","resident"
"20051W26","1","M","GRETI","TC58792",NA,2005,"W26","N","resident"
"20051W26","1","F","GRETI","TC58795",NA,2005,"W26","N","resident"
"20051W26","1","M","GRETI","TC58791",NA,2005,"W26","N","resident"
"20051B220","1",NA,"GRETI","TE79230",NA,2005,"B220","N","resident"
"20051B220","1",NA,"GRETI","TE79229",NA,2005,"B220","N","resident"
"19991MP14","5","F","GRETI","K604550","18/05/1999 00:00",1999,"MP14","N","immigrant"
"19991EX58","5","M","GRETI","VX13432","26/05/1999 00:00",1999,"EX58",NA,"immigrant"
"20001O107","5","F","GRETI","K578566","22/05/2000 00:00",2000,"O107","N","immigrant"
"20001P11","5","F","GRETI","K578584","28/05/2000 00:00",2000,"P11","N","immigrant"
"20001B84","5","F","GRETI","K578023","29/05/2000 00:00",2000,"B84","N","immigrant"
"20001B192","6","F","GRETI","K578024","29/05/2000 00:00",2000,"B192","N","immigrant"
"20001W5","5","M","GRETI","K604681","29/05/2000 00:00",2000,"W5","N","immigrant"
"20011W69","5","F","GRETI","C695356","30/05/2001 00:00",2001,"W69","N","immigrant"
"20011CP37","5","F","GRETI","C695386","04/06/2001 00:00",2001,"CP37","N","immigrant"
"20011EX21","5","M","GRETI","C695391","06/06/2001 00:00",2001,"EX21","N","immigrant"
"20011W46","5","F","GRETI","C695390","06/06/2001 00:00",2001,"W46","N","immigrant"
"20021O27","6","M","GRETI","N200009","08/05/2002 00:00",2002,"O27",NA,"immigrant"
"20021B23","5","F","GRETI","K578605","09/05/2002 00:00",2002,"B23","N","immigrant"
"20021SW63","6","F","GRETI","N200674","09/05/2002 00:00",2002,"SW63",NA,"immigrant"
"20021CP16","5","M","GRETI","N200584","10/05/2002 00:00",2002,"CP16","N","immigrant"
"20021CP42A","5","F","GRETI","N200581","10/05/2002 00:00",2002,"CP42A","N","immigrant"
"20021EX51A","5","M","GRETI","N200583","10/05/2002 00:00",2002,"EX51A","N","immigrant"
"20021O70","5","F","GRETI","N200109","11/05/2002 00:00",2002,"O70","N","immigrant"
"20021EX48","5","F","GRETI","N200588","11/05/2002 00:00",2002,"EX48","N","immigrant"
"20021B25","5","F","GRETI","K578619","14/05/2002 00:00",2002,"B25","N","immigrant"
"20021C159","6","F","GRETI","H300052","14/05/2002 00:00",2002,"C159","N","immigrant"
"20021B11","5","F","GRETI","N200624","14/05/2002 00:00",2002,"B11",NA,"immigrant"
"20021O72","6","F","GRETI","N200115","16/05/2002 00:00",2002,"O72","N","immigrant"
"20021W81","5","F","GRETI","N200599","16/05/2002 00:00",2002,"W81","N","immigrant"
"20021B131","6","F","GRETI","K578058","16/05/2002 00:00",2002,"B131",NA,"immigrant"
"20021CP19","5","F","GRETI","N200706","20/05/2002 00:00",2002,"CP19","N","immigrant"
"20021W10","5","F","GRETI","N200712","22/05/2002 00:00",2002,"W10","N","immigrant"
"20031EX35","5","F","GRETI","N200806","17/05/2003 00:00",2003,"EX35","N","immigrant"
"20031W36","5","M","GRETI","R040039","17/05/2003 00:00",2003,"W36",NA,"immigrant"
"20031MP86","5","F","GRETI","P439036","18/05/2003 00:00",2003,"MP86","R","immigrant"
"20031W28","5","F","GRETI","N200810","19/05/2003 00:00",2003,"W28","N","immigrant"
"20031B206","5","F","GRETI","R040172","20/05/2003 00:00",2003,"B206","R","immigrant"
"20031EX22","5","M","GRETI","R040132","21/05/2003 00:00",2003,"EX22",NA,"immigrant"
"20031W103A","5","F","GRETI","R040127","22/05/2003 00:00",2003,"W103A",NA,"immigrant"
"20031O82","5","F","GRETI","P439057","22/05/2003 00:00",2003,"O82",NA,"immigrant"
"20031W42","5","M","GRETI","R040074","22/05/2003 00:00",2003,"W42",NA,"immigrant"
"20031SW20","5","F","GRETI","K578961","23/05/2003 00:00",2003,"SW20","N","immigrant"
"20031MP52","5","F","GRETI","R639009","23/05/2003 00:00",2003,"MP52","N","immigrant"
"20031CP13","5","F","GRETI","R040149","23/05/2003 00:00",2003,"CP13",NA,"immigrant"
"20031MP25","5","F","GRETI","R639013","25/05/2003 00:00",2003,"MP25","N","immigrant"
"20031EX61","5","M","GRETI","R040112","25/05/2003 00:00",2003,"EX61",NA,"immigrant"
"20031CP5B","5","F","GRETI","P439042","26/05/2003 00:00",2003,"CP5B",NA,"immigrant"
"20031B216","5","F","GRETI","R040184","27/05/2003 00:00",2003,"B216","R","immigrant"
"20031EX77","5","M","GRETI","R040159","30/05/2003 00:00",2003,"EX77",NA,"immigrant"
"20031MP75","6","F","GRETI","R639004","01/06/2003 00:00",2003,"MP75",NA,"immigrant"
"20031B99A","5","F","GRETI","P439051","06/06/2003 00:00",2003,"B99A",NA,"immigrant"
"20031B139","5","F","GRETI","R639015","09/06/2003 00:00",2003,"B139","R","immigrant"
"20041CP35","5","M","GRETI","T177501","11/05/2004 10:00",2004,"CP35","N","immigrant"
"20041MP86","5","F","GRETI","N199102","15/05/2004 00:00",2004,"MP86","N","immigrant"
"20041B185","6","F","GRETI","P439017","15/05/2004 11:00",2004,"B185","R","immigrant"
"20041MP7","5","F","GRETI","N199106","18/05/2004 00:00",2004,"MP7","N","immigrant"
"20041EX47A","6","M","GRETI","R040133","19/05/2004 10:00",2004,"EX47A","R","immigrant"
"20041EX64","5","F","GRETI","T177509","19/05/2004 12:00",2004,"EX64","N","immigrant"
"20041MP60","5","F","GRETI","N199111","20/05/2004 00:00",2004,"MP60","N","immigrant"
"20041B121","5","F","GRETI","N200125","20/05/2004 07:00",2004,"B121","N","immigrant"
"20041B24","5","F","GRETI","N200126","20/05/2004 09:00",2004,"B24","N","immigrant"
"20041SW70","5","F","GRETI","P439165","21/05/2004 15:00",2004,"SW70","R","immigrant"
"20041W93","6","M","GRETI","N200769","22/05/2004 14:00",2004,"W93","R","immigrant"
"20041P12","5","F","GRETI","F952941","24/05/2004 07:00",2004,"P12","R","immigrant"
"20041W69","6","M","GRETI","R040136","24/05/2004 11:00",2004,"W69","R","immigrant"
"20041O29","6","F","GRETI","R040089","26/05/2004 08:00",2004,"O29","R","immigrant"
"20041O27A","5","F","GRETI","P439195","26/05/2004 08:00",2004,"O27A","R","immigrant"
"20041B16","5","F","GRETI","P439175","26/05/2004 10:00",2004,"B16","R","immigrant"
"20041MP32","5","M","GRETI","N199113","29/05/2004 00:00",2004,"MP32","N","immigrant"
"20041P5","5","F","GRETI","P439161","30/05/2004 13:00",2004,"P5","R","immigrant"
"20041W104","6","M","GRETI","R040111","31/05/2004 13:00",2004,"W104","R","immigrant"
"20041CP33","6","M","GRETI","R040057","01/06/2004 11:00",2004,"CP33","R","immigrant"
"20051MP68","5","F","GRETI","T550076","10/05/2005 07:00",2005,"MP68","R","immigrant"
"20051MP55","5","F","GRETI","T550082","13/05/2005 08:00",2005,"MP55","R","immigrant"
"20051MP35","5","F","GRETI","T550059","15/05/2005 07:00",2005,"MP35","R","immigrant"
"20051C130","5","F","GRETI","F952460","16/05/2005 12:00",2005,"C130","N","immigrant"
"20051MP93","5","F","GRETI","T550098","17/05/2005 10:00",2005,"MP93","R","immigrant"
"20051B89","5","F","GRETI","A225441","19/05/2005 00:00",2005,"B89","R","immigrant"
"20051O76","5","F","GRETI","T550164","20/05/2005 00:00",2005,"O76","N","immigrant"
"20051B226","5","M","GRETI","T550024","20/05/2005 00:00",2005,"B226","R","immigrant"
"20051B226","5","F","GRETI","T176487","20/05/2005 00:00",2005,"B226","R","immigrant"
"20051EX1","5","F","GRETI","T177550","20/05/2005 07:00",2005,"EX1","R","immigrant"
"20051B141","5","F","GRETI","N199294","20/05/2005 09:00",2005,"B141","N","immigrant"
"20051P6","5","F","GRETI","N199299","21/05/2005 07:00",2005,"P6","N","immigrant"
"20051O64","5","F","GRETI","T640309","21/05/2005 08:00",2005,"O64","N","immigrant"
"20051MP6","5","F","GRETI","A225307","21/05/2005 09:00",2005,"MP6","R","immigrant"
"20051B161","5","F","GRETI","P812079","22/05/2005 07:00",2005,"B161","N","immigrant"
"20051B49","5","F","GRETI","P812080","22/05/2005 08:00",2005,"B49","N","immigrant"
"20051MP92","5","F","GRETI","P439282","22/05/2005 08:00",2005,"MP92","R","immigrant"
"20051MP32","5","M","GRETI","T550043","22/05/2005 09:00",2005,"MP32","R","immigrant"
"20051W56","5","M","GRETI","E985065","22/05/2005 13:00",2005,"W56","N","immigrant"
"20051O14","5","F","GRETI","H300669","23/05/2005 07:00",2005,"O14","R","immigrant"
"20051EX31","5","F","GRETI","E985071","23/05/2005 20:00",2005,"EX31","N","immigrant"
"20051B224","5","F","GRETI","T640002","24/05/2005 00:00",2005,"B224","N","immigrant"
"20051O14","5","M","GRETI","T177580","24/05/2005 06:00",2005,"O14","R","immigrant"
"20051W17","5","M","GRETI","T176481","24/05/2005 10:00",2005,"W17","R","immigrant"
"20051W23","5","F","GRETI","E985073","24/05/2005 10:00",2005,"W23","N","immigrant"
"20051SW5","5","F","GRETI","T640315","24/05/2005 11:00",2005,"SW5","N","immigrant"
"20051MP74","5","M","GRETI","T550058","25/05/2005 10:00",2005,"MP74","R","immigrant"
"20051EX62A","5","M","GRETI","T176477","25/05/2005 11:00",2005,"EX62A","R","immigrant"
"20051SW82","5","M","GRETI","TB26324","25/05/2005 13:00",2005,"SW82","R","immigrant"
"20051B8","5","F","GRETI","T640006","26/05/2005 00:00",2005,"B8","N","immigrant"
"20051P22","5","F","GRETI","P812088","26/05/2005 08:00",2005,"P22","N","immigrant"
"20051B225","5","F","GRETI","T550065","27/05/2005 00:00",2005,"B225","R","immigrant"
"20051B189","5","M","GRETI","T640003","27/05/2005 00:00",2005,"B189","N","immigrant"
"20051B2","5","F","GRETI","T640005","28/05/2005 00:00",2005,"B2","N","immigrant"
"20051MP52","5","F","GRETI","T550041","28/05/2005 07:00",2005,"MP52","R","immigrant"
"20051EX41B","5","M","GRETI","T177600","28/05/2005 10:00",2005,"EX41B","R","immigrant"
"20051B186","5","M","GRETI","T550071","30/05/2005 00:00",2005,"B186","R","immigrant"
"20051B80A","5","M","GRETI","P812096","31/05/2005 07:00",2005,"B80A","N","immigrant"
"20051B214","5","F","GRETI","P812097","31/05/2005 07:00",2005,"B214","N","immigrant"
"20051B214","5","M","GRETI","T550029","31/05/2005 08:00",2005,"B214","R","immigrant"
"20051EX40","5","M","GRETI","T177579","31/05/2005 11:00",2005,"EX40","R","immigrant"
"20051B205","5","F","GRETI","T550019","01/06/2005 00:00",2005,"B205","R","immigrant"
"20051MP85","5","F","GRETI","T640207","01/06/2005 08:00",2005,"MP85","N","immigrant"
"20051W71","5","F","GRETI","N200905","01/06/2005 14:00",2005,"W71","N","immigrant"
"20051W71","5","M","GRETI","N200906","01/06/2005 14:00",2005,"W71","N","immigrant"
"20051EX8","5","M","GRETI","N200907","02/06/2005 08:00",2005,"EX8","N","immigrant"
"20061B15","5","F","GRETI","T550200","18/05/2006 00:00",2006,"B15","R","immigrant"
"20061EX56","5","F","GRETI","N200998","20/05/2006 08:00",2006,"EX56","N","immigrant"
"20061MP55","5","F","GRETI","T550189","20/05/2006 08:30",2006,"MP55","R","immigrant"
"20061MP60","5","F","GRETI","T640211","20/05/2006 09:40",2006,"MP60","R","immigrant"
"20061EX71","5","M","GRETI","N200953","20/05/2006 16:00",2006,"EX71","R","immigrant"
"20061O27","5","F","GRETI","T640328","22/05/2006 02:00",2006,"O27","N","immigrant"
"20061SW44","5","F","GRETI","T640334","23/05/2006 08:00",2006,"SW44","N","immigrant"
"20061MP18","5","M","GRETI","T640209","23/05/2006 10:30",2006,"MP18","R","immigrant"
"20061C137","6","F","GRETI","N199441","23/05/2006 11:00",2006,"C137","R","immigrant"
"20061SW84A","5","F","GRETI","T640338","24/05/2006 09:00",2006,"SW84A","N","immigrant"
"20061EX79","5","F","GRETI","N200935","24/05/2006 09:00",2006,"EX79","R","immigrant"
"20061EX79","5","M","GRETI","N200991","24/05/2006 09:00",2006,"EX79","R","immigrant"
"20061EX80","5","M","GRETI","N200942","24/05/2006 10:00",2006,"EX80","R","immigrant"
"20061EX84","5","M","GRETI","H301196","24/05/2006 13:00",2006,"EX84","R","immigrant"
"20061P5","5","F","GRETI","N199447","25/05/2006 08:00",2006,"P5","R","immigrant"
"20061EX7","5","F","GRETI","R639201","25/05/2006 10:00",2006,"EX7","N","immigrant"
"20061SW54","5","F","GRETI","N199440","25/05/2006 10:00",2006,"SW54","N","immigrant"
"20061CP6","6","M","GRETI","T550134","25/05/2006 11:00",2006,"CP6","R","immigrant"
"20061SW107","6","F","GRETI","N199463","26/05/2006 06:00",2006,"SW107","N","immigrant"
"20061O19","5","F","GRETI","T640344","26/05/2006 11:00",2006,"O19","N","immigrant"
"20061EX43B","5","M","GRETI","N200989","27/05/2006 10:00",2006,"EX43B","R","immigrant"
"20061O106","5","F","GRETI","T640348","27/05/2006 13:00",2006,"O106","N","immigrant"
"20061W71","5","F","GRETI","N199518","28/05/2006 17:00",2006,"W71","R","immigrant"
"20061W51","5","M","GRETI","T176841","29/05/2006 11:00",2006,"W51","R","immigrant"
"20061EX13","5","F","GRETI","R639113","30/05/2006 06:00",2006,"EX13","N","immigrant"
"20061EX62G","5","M","GRETI","T176885","30/05/2006 15:00",2006,"EX62G","R","immigrant"
"20061O83","6","M","GRETI","N200941","31/05/2006 09:00",2006,"O83","R","immigrant"
"20061O53","5","F","GRETI","T640353","31/05/2006 17:00",2006,"O53","N","immigrant"
"20061O40","5","F","GRETI","T642829","01/06/2006 06:00",2006,"O40","R","immigrant"
"20061O45","5","F","GRETI","N199470","02/06/2006 06:00",2006,"O45","N","immigrant"
"20061W97","5","F","GRETI","R639118","02/06/2006 10:00",2006,"W97","N","immigrant"
"20061W60","5","M","GRETI","T176813","02/06/2006 16:00",2006,"W60","R","immigrant"
"20061O40","5","M","GRETI","TC58859","04/06/2006 07:00",2006,"O40","R","immigrant"
"20061W20","6","F","GRETI","T550135","05/06/2006 10:00",2006,"W20","R","immigrant"
"20061B218","6","F","GRETI","T550105","04/07/2006 20:00",2006,"B218",NA,"immigrant"
"20061B91","5","F","GRETI","T640011","16/07/2006 04:00",2006,"B91","N","immigrant"
"20061B27","5","M","GRETI","T640234","02/08/2006 08:00",2006,"B27",NA,"immigrant"
"20071C40","4","M","GRETI","T177719","09/05/2007 13:00",2007,"C40","R","immigrant"
"20071MP10","5","F","GRETI","R639412","10/05/2007 08:00",2007,"MP10","R","immigrant"
"20071W93","5","M","GRETI","J645000","10/05/2007 13:04",2007,"W93","N","immigrant"
"20071C117","6","F","GRETI","N199445","11/05/2007 08:00",2007,"C117","R","immigrant"
"20071EX52","5","F","GRETI","N199634","11/05/2007 09:00",2007,"EX52","N","immigrant"
"20071EX51","5","M","GRETI","T177644","11/05/2007 09:00",2007,"EX51","R","immigrant"
"20071EX65","6","F","GRETI","N199072","11/05/2007 11:00",2007,"EX65","R","immigrant"
"20071CP30","5","M","GRETI","N199636","11/05/2007 14:00",2007,"CP30","N","immigrant"
"20071CP43","5","F","GRETI","N199637","11/05/2007 15:00",2007,"CP43","N","immigrant"
"20071MP75","6","M","GRETI","T640276","12/05/2007 07:50",2007,"MP75","R","immigrant"
"20071MP56","5","F","GRETI","R639441","12/05/2007 10:35",2007,"MP56","R","immigrant"
"20071MP32","5","M","GRETI","R639408","13/05/2007 07:15",2007,"MP32","R","immigrant"
"20071SW35","6","M","GRETI","H301159","13/05/2007 17:00",2007,"SW35","R","immigrant"
"20071MP8","5","F","GRETI","R639450","14/05/2007 07:10",2007,"MP8","R","immigrant"
"20071CP38","5","M","GRETI","N199641","14/05/2007 08:00",2007,"CP38","N","immigrant"
"20071W51","5","F","GRETI","J644998","14/05/2007 08:04",2007,"W51","N","immigrant"
"20071W68","5","F","GRETI","P439580","14/05/2007 08:07",2007,"W68","R","immigrant"
"20071CP42A","5","F","GRETI","N199642","14/05/2007 09:00",2007,"CP42A","N","immigrant"
"20071W42","5","F","GRETI","J644997","14/05/2007 11:05",2007,"W42","N","immigrant"
"20071SW43","5","F","GRETI","T177617","16/05/2007 06:00",2007,"SW43","R","immigrant"
"20071SW4","5","F","GRETI","T177635","16/05/2007 06:00",2007,"SW4","R","immigrant"
"20071SW17","5","F","GRETI","TK27091","16/05/2007 06:00",2007,"SW17","R","immigrant"
"20071EX18","5","F","GRETI","J644996","16/05/2007 07:02",2007,"EX18","N","immigrant"
"20071EX22","6","M","GRETI","N199505","16/05/2007 07:26",2007,"EX22","R","immigrant"
"20071B195","5","F","GRETI","R639455","16/05/2007 08:00",2007,"B195","R","immigrant"
"20071C57","5","F","GRETI","T177712","16/05/2007 08:00",2007,"C57","R","immigrant"
"20071MP96","5","F","GRETI","R639484","16/05/2007 09:10",2007,"MP96","R","immigrant"
"20071EX33","5","F","GRETI","J644840","16/05/2007 09:16",2007,"EX33","R","immigrant"
"20071EX43D","5","F","GRETI","N199643","16/05/2007 10:00",2007,"EX43D","N","immigrant"
"20071EX43A","6","F","GRETI","N199087","16/05/2007 12:00",2007,"EX43A","R","immigrant"
"20071EX41D","5","F","GRETI","J644859","16/05/2007 12:00",2007,"EX41D","R","immigrant"
"20071EX14B","5","F","GRETI","J644995","16/05/2007 12:48",2007,"EX14B","N","immigrant"
"20071EX31","5","F","GRETI","J644994","16/05/2007 13:23",2007,"EX31","N","immigrant"
"20071SW63","5","F","GRETI","R639217","16/05/2007 18:00",2007,"SW63","Y","immigrant"
"20071SW42","5","F","GRETI","R639130","17/05/2007 06:00",2007,"SW42","N","immigrant"
"20071O4","6","M","GRETI","F952447","17/05/2007 07:00",2007,"O4","R","immigrant"
"20071W5","5","M","GRETI","P439583","17/05/2007 11:00",2007,"W5","R","immigrant"
"20071W21","5","M","GRETI","V260950","17/05/2007 13:57",2007,"W21","R","immigrant"
"20071B77","5","M","GRETI","R639306","18/05/2007 10:00",2007,"B77","R","immigrant"
"20071O113","5","M","GRETI","R639132","18/05/2007 11:00",2007,"O113","N","immigrant"
"20071EX79","5","F","GRETI","J644864","18/05/2007 13:00",2007,"EX79","R","immigrant"
"20071EX68","5","M","GRETI","N199646","18/05/2007 13:00",2007,"EX68","N","immigrant"
"20071EX67","5","F","GRETI","N199647","18/05/2007 16:00",2007,"EX67","N","immigrant"
"20071EX29A","5","F","GRETI","T640585","18/05/2007 19:23",2007,"EX29A","R","immigrant"
"20071EX38","6","F","GRETI","H300660","19/05/2007 08:34",2007,"EX38","R","immigrant"
"20071O75B","6","M","GRETI","T176864","19/05/2007 09:00",2007,"O75B","Y","immigrant"
"20071B36","5","F","GRETI","T640096","19/05/2007 10:00",2007,"B36","N","immigrant"
"20071B51","5","F","GRETI","R639280","19/05/2007 10:00",2007,"B51","R","immigrant"
"20071EX4","5","M","GRETI","T177743","19/05/2007 10:11",2007,"EX4","R","immigrant"
"20071EX5A","5","F","GRETI","K578927","19/05/2007 11:36",2007,"EX5A","R","immigrant"
"20071EX41B","5","F","GRETI","TB26874","19/05/2007 11:44",2007,"EX41B","R","immigrant"
"20071SW36","5","F","GRETI","T640374","19/05/2007 12:00",2007,"SW36","N","immigrant"
"20071EX42","5","F","GRETI","T176927","19/05/2007 13:14",2007,"EX42","R","immigrant"
"20071EX42","6","M","GRETI","T177566","19/05/2007 14:03",2007,"EX42","R","immigrant"
"20071EX12A","5","F","GRETI","J644903","19/05/2007 17:43",2007,"EX12A","N","immigrant"
"20071CP40","5","M","GRETI","N199650","20/05/2007 08:00",2007,"CP40","N","immigrant"
"20071SW33","5","F","GRETI","T177774","20/05/2007 12:00",2007,"SW33","Y","immigrant"
"20071W56","5","F","GRETI","T176922","20/05/2007 14:47",2007,"W56","R","immigrant"
"20071EX17","5","F","GRETI","R639189","21/05/2007 07:12",2007,"EX17","R","immigrant"
"20071O81","5","F","GRETI","T177665","21/05/2007 10:00",2007,"O81","Y","immigrant"
"20071P5","5","F","GRETI","T640375","22/05/2007 08:00",2007,"P5","N","immigrant"
"20071O34","5","F","GRETI","T177703","23/05/2007 10:00",2007,"O34","R","immigrant"
"20071O34","4","M","GRETI","T177708","23/05/2007 10:00",2007,"O34","R","immigrant"
"20071SW56","5","F","GRETI","N199703","23/05/2007 14:00",2007,"SW56","N","immigrant"
"20071SW48","5","F","GRETI","TB26824","25/05/2007 07:00",2007,"SW48","Y","immigrant"
"20071SW124","5","M","GRETI","T176932","25/05/2007 14:00",2007,"SW124","Y","immigrant"
"20071SW124","5","F","GRETI","N199705","25/05/2007 16:00",2007,"SW124","N","immigrant"
"20071O100","5","F","GRETI","N199707","26/05/2007 14:00",2007,"O100","N","immigrant"
"20081SW131","5","F","GRETI","E018352","14/05/2008 10:00",2008,"SW131","N","immigrant"
"20081EX53","5","F","GRETI","T176973","16/05/2008 08:00",2008,"EX53","R","immigrant"
"20081W22","5","F","GRETI","K578717","18/05/2008 14:00",2008,"W22","R","immigrant"
"20081B229","5","F","GRETI","X235602","21/05/2008 05:00",2008,"B229","N","immigrant"
"20081B10","5","M","GRETI","X235604","21/05/2008 07:00",2008,"B10","N","immigrant"
"20081B145","6","F","GRETI","R639486","26/05/2008 04:00",2008,"B145","R","immigrant"
"20081EX4","5","M","GRETI","N199973","26/05/2008 09:00",2008,"EX4","R","immigrant"
"20081O85","5","M","GRETI","T640819","27/05/2008 18:54",2008,"O85","N","immigrant"
"20081EX63","5","M","GRETI","N199993","29/05/2008 11:00",2008,"EX63","N","immigrant"
"20081B76","5","F","GRETI","X235615","30/05/2008 04:00",2008,"B76","N","immigrant"
"20091MP62","5","F","GRETI","T640748","22/04/2009 00:00",2009,"MP62","R","immigrant"
"20091C111","5","F","GRETI","X239801","09/05/2009 05:00",2009,"C111","N","immigrant"
"20091W93","6","F","GRETI","J644935","09/05/2009 08:28",2009,"W93","N","immigrant"
"20091W22","5","M","GRETI","J644937","11/05/2009 10:54",2009,"W22","N","immigrant"
"20091MP38","5","M","GRETI","F464553","11/05/2009 11:00",2009,"MP38","R","immigrant"
"20091B190","6","F","GRETI","X235619","12/05/2009 06:00",2009,"B190","N","immigrant"
"20091MP74","5","F","GRETI","X237904","12/05/2009 09:00",2009,"MP74","N","immigrant"
"20091W89","5","F","GRETI","J644943","12/05/2009 10:44",2009,"W89","N","immigrant"
"20091EX65","6","F","GRETI","K578732","12/05/2009 11:00",2009,"EX65","R","immigrant"
"20091O73","6","F","GRETI","X239802","12/05/2009 15:00",2009,"O73","N","immigrant"
"20091B225","5","F","GRETI","X235620","13/05/2009 04:00",2009,"B225","N","immigrant"
"20091SW25","5","F","GRETI","X239901","13/05/2009 06:00",2009,"SW25","N","immigrant"
"20091B228","5","M","GRETI","T640763","13/05/2009 06:00",2009,"B228","R","immigrant"
"20091W26","5","M","GRETI","V729628","13/05/2009 07:01",2009,"W26","R","immigrant"
"20091CP39","5","F","GRETI","X239701","13/05/2009 10:00",2009,"CP39","N","immigrant"
"20091MP23","5","F","GRETI","T640746","13/05/2009 11:00",2009,"MP23","R","immigrant"
"20091SW102","5","F","GRETI","X239905","14/05/2009 10:00",2009,"SW102","N","immigrant"
"20091CP37","5","F","GRETI","X239704","14/05/2009 12:00",2009,"CP37","N","immigrant"
"20091B115","5","F","GRETI","X235623","14/05/2009 12:00",2009,"B115","N","immigrant"
"20091EX34","5","F","GRETI","J644950","15/05/2009 06:26",2009,"EX34","N","immigrant"
"20091EX16","4","F","GRETI","V729695","15/05/2009 06:38",2009,"EX16","R","immigrant"
"20091MP21","5","F","GRETI","X237908","15/05/2009 10:00",2009,"MP21","N","immigrant"
"20091EX62","5","F","GRETI","X239705","15/05/2009 11:00",2009,"EX62","N","immigrant"
"20091MP33","5","M","GRETI","T640798","16/05/2009 04:00",2009,"MP33","R","immigrant"
"20091MP36","5","F","GRETI","X235104","16/05/2009 04:00",2009,"MP36","R","immigrant"
"20091MP30","5","F","GRETI","T640800","16/05/2009 05:00",2009,"MP30","R","immigrant"
"20091W37","5","F","GRETI","J644952","16/05/2009 06:38",2009,"W37","N","immigrant"
"20091MP8","5","F","GRETI","T640769","16/05/2009 07:00",2009,"MP8","R","immigrant"
"20091W80","5","F","GRETI","X237894","16/05/2009 09:26",2009,"W80","R","immigrant"
"20091W65","5","F","GRETI","J644956","16/05/2009 11:17",2009,"W65","N","immigrant"
"20091SW3","5","F","GRETI","T640728","17/05/2009 06:00",2009,"SW3","R","immigrant"
"20091EX39B","5","F","GRETI","J644958","17/05/2009 07:10",2009,"EX39B","N","immigrant"
"20091O75B","5","F","GRETI","X239809","17/05/2009 10:00",2009,"O75B","N","immigrant"
"20091P2","5","F","GRETI","J644960","17/05/2009 11:05",2009,"P2","N","immigrant"
"20091MP65","5","M","GRETI","X237911","18/05/2009 06:00",2009,"MP65","N","immigrant"
"20091B117","6","F","GRETI","X239571","18/05/2009 14:00",2009,"B117","R","immigrant"
"20091B11","5","M","GRETI","T640776","18/05/2009 15:00",2009,"B11","R","immigrant"
"20091B213","5","F","GRETI","X235628","18/05/2009 15:00",2009,"B213","N","immigrant"
"20091B213","5","M","GRETI","X235629","18/05/2009 15:00",2009,"B213","N","immigrant"
"20091B117","5","M","GRETI","X235630","18/05/2009 16:00",2009,"B117","N","immigrant"
"20091B90","6","M","GRETI","R639463","19/05/2009 07:00",2009,"B90","R","immigrant"
"20091CP35","6","F","GRETI","X239717","19/05/2009 09:00",2009,"CP35","N","immigrant"
"20091CP27","5","F","GRETI","X239718","19/05/2009 10:00",2009,"CP27","N","immigrant"
"20091CP9","6","F","GRETI","T177799","19/05/2009 12:00",2009,"CP9","R","immigrant"
"20091B102","5","F","GRETI","X235631","20/05/2009 14:00",2009,"B102","N","immigrant"
"20091O57","5","F","GRETI","X237914","21/05/2009 06:00",2009,"O57","N","immigrant"
"20091EX62D","5","M","GRETI","X661866","22/05/2009 07:33",2009,"EX62D","N","immigrant"
"20091B51","6","F","GRETI","X235634","04/06/2009 07:00",2009,"B51","N","immigrant"
"20101MP22","5","F","GRETI","X239846","12/05/2010 00:00",2010,"MP22","R","immigrant"
"20101MP53","5","M","GRETI","TP26294","15/05/2010 08:00",2010,"MP53","R","immigrant"
"20101EX75","5","M","GRETI","T640675","16/05/2010 08:00",2010,"EX75","R","immigrant"
"20101EX47","5","M","GRETI","L315804","18/05/2010 11:00",2010,"EX47","N","immigrant"
"20101EX55","5","F","GRETI","L315806","18/05/2010 16:00",2010,"EX55","N","immigrant"
"20101W27","5","F","GRETI","F464559","19/05/2010 10:00",2010,"W27","R","immigrant"
"20101O54","6","M","GRETI","L315203","19/05/2010 10:00",2010,"O54","N","immigrant"
"20101B185","5","M","GRETI","L315204","21/05/2010 07:00",2010,"B185","N","immigrant"
"20101EX90","5","F","GRETI","X235502","22/05/2010 07:00",2010,"EX90","R","immigrant"
"20101EX3","5","F","GRETI","E509370","25/05/2010 08:00",2010,"EX3","R","immigrant"
"20111C111","5","F","GRETI","L808160","09/05/2011 07:00",2011,"C111","R","immigrant"
"20111W16","5","M","GRETI","Y033816","10/05/2011 00:00",2011,"W16","N","immigrant"
"20111EX62E","5","F","GRETI","Y034702","10/05/2011 07:00",2011,"EX62E","N","immigrant"
"20111MP31","5","F","GRETI","L809630","11/05/2011 05:00",2011,"MP31","N","immigrant"
"20111C110","6","M","GRETI","L808165","11/05/2011 08:00",2011,"C110","R","immigrant"
"20111W33","5","F","GRETI","Y033824","11/05/2011 10:00",2011,"W33","N","immigrant"
"20111W28","6","M","GRETI","X237918","12/05/2011 11:00",2011,"W28","R","immigrant"
"20111EX60","6","M","GRETI","L312169","12/05/2011 15:00",2011,"EX60","R","immigrant"
"20111O3","4","M","GRETI","Y033835","12/05/2011 18:00",2011,"O3","N","immigrant"
"20111O3","5","F","GRETI","L312889","12/05/2011 18:00",2011,"O3","R","immigrant"
"20111EX43B","6","M","GRETI","T640673","13/05/2011 07:00",2011,"EX43B","R","immigrant"
"20111CP35","6","M","GRETI","Y034724","16/05/2011 07:00",2011,"CP35","N","immigrant"
